{
  "ABIRoot": {
    "kind": "Root",
    "name": "TopLevel",
    "printedName": "TopLevel",
    "children": [
      {
        "kind": "Import",
        "name": "Foundation",
        "printedName": "Foundation",
        "declKind": "Import",
        "moduleName": "LegendDropdown",
        "declAttributes": [
          "RawDocComment"
        ]
      },
      {
        "kind": "Import",
        "name": "Foundation",
        "printedName": "Foundation",
        "declKind": "Import",
        "moduleName": "LegendDropdown",
        "declAttributes": [
          "RawDocComment"
        ]
      },
      {
        "kind": "Import",
        "name": "Foundation",
        "printedName": "Foundation",
        "declKind": "Import",
        "moduleName": "LegendDropdown",
        "declAttributes": [
          "RawDocComment"
        ]
      },
      {
        "kind": "TypeDecl",
        "name": "LegendDropdownModel",
        "printedName": "LegendDropdownModel",
        "children": [
          {
            "kind": "Var",
            "name": "key",
            "printedName": "key",
            "children": [
              {
                "kind": "TypeNominal",
                "name": "String",
                "printedName": "Swift.String",
                "usr": "s:SS"
              }
            ],
            "declKind": "Var",
            "usr": "s:14LegendDropdown0aB5ModelV3keySSvp",
            "mangledName": "$s14LegendDropdown0aB5ModelV3keySSvp",
            "moduleName": "LegendDropdown",
            "declAttributes": [
              "HasStorage",
              "AccessControl"
            ],
            "hasStorage": true,
            "accessors": [
              {
                "kind": "Accessor",
                "name": "Get",
                "printedName": "Get()",
                "children": [
                  {
                    "kind": "TypeNominal",
                    "name": "String",
                    "printedName": "Swift.String",
                    "usr": "s:SS"
                  }
                ],
                "declKind": "Accessor",
                "usr": "s:14LegendDropdown0aB5ModelV3keySSvg",
                "mangledName": "$s14LegendDropdown0aB5ModelV3keySSvg",
                "moduleName": "LegendDropdown",
                "implicit": true,
                "accessorKind": "get"
              },
              {
                "kind": "Accessor",
                "name": "Set",
                "printedName": "Set()",
                "children": [
                  {
                    "kind": "TypeNominal",
                    "name": "Void",
                    "printedName": "()"
                  },
                  {
                    "kind": "TypeNominal",
                    "name": "String",
                    "printedName": "Swift.String",
                    "usr": "s:SS"
                  }
                ],
                "declKind": "Accessor",
                "usr": "s:14LegendDropdown0aB5ModelV3keySSvs",
                "mangledName": "$s14LegendDropdown0aB5ModelV3keySSvs",
                "moduleName": "LegendDropdown",
                "implicit": true,
                "accessorKind": "set"
              },
              {
                "kind": "Accessor",
                "name": "Modify",
                "printedName": "Modify()",
                "children": [
                  {
                    "kind": "TypeNominal",
                    "name": "Void",
                    "printedName": "()"
                  }
                ],
                "declKind": "Accessor",
                "usr": "s:14LegendDropdown0aB5ModelV3keySSvM",
                "mangledName": "$s14LegendDropdown0aB5ModelV3keySSvM",
                "moduleName": "LegendDropdown",
                "implicit": true,
                "accessorKind": "_modify"
              }
            ]
          },
          {
            "kind": "Var",
            "name": "value",
            "printedName": "value",
            "children": [
              {
                "kind": "TypeNominal",
                "name": "String",
                "printedName": "Swift.String",
                "usr": "s:SS"
              }
            ],
            "declKind": "Var",
            "usr": "s:14LegendDropdown0aB5ModelV5valueSSvp",
            "mangledName": "$s14LegendDropdown0aB5ModelV5valueSSvp",
            "moduleName": "LegendDropdown",
            "declAttributes": [
              "HasStorage",
              "AccessControl"
            ],
            "hasStorage": true,
            "accessors": [
              {
                "kind": "Accessor",
                "name": "Get",
                "printedName": "Get()",
                "children": [
                  {
                    "kind": "TypeNominal",
                    "name": "String",
                    "printedName": "Swift.String",
                    "usr": "s:SS"
                  }
                ],
                "declKind": "Accessor",
                "usr": "s:14LegendDropdown0aB5ModelV5valueSSvg",
                "mangledName": "$s14LegendDropdown0aB5ModelV5valueSSvg",
                "moduleName": "LegendDropdown",
                "implicit": true,
                "accessorKind": "get"
              },
              {
                "kind": "Accessor",
                "name": "Set",
                "printedName": "Set()",
                "children": [
                  {
                    "kind": "TypeNominal",
                    "name": "Void",
                    "printedName": "()"
                  },
                  {
                    "kind": "TypeNominal",
                    "name": "String",
                    "printedName": "Swift.String",
                    "usr": "s:SS"
                  }
                ],
                "declKind": "Accessor",
                "usr": "s:14LegendDropdown0aB5ModelV5valueSSvs",
                "mangledName": "$s14LegendDropdown0aB5ModelV5valueSSvs",
                "moduleName": "LegendDropdown",
                "implicit": true,
                "accessorKind": "set"
              },
              {
                "kind": "Accessor",
                "name": "Modify",
                "printedName": "Modify()",
                "children": [
                  {
                    "kind": "TypeNominal",
                    "name": "Void",
                    "printedName": "()"
                  }
                ],
                "declKind": "Accessor",
                "usr": "s:14LegendDropdown0aB5ModelV5valueSSvM",
                "mangledName": "$s14LegendDropdown0aB5ModelV5valueSSvM",
                "moduleName": "LegendDropdown",
                "implicit": true,
                "accessorKind": "_modify"
              }
            ]
          },
          {
            "kind": "Var",
            "name": "tag",
            "printedName": "tag",
            "children": [
              {
                "kind": "TypeNominal",
                "name": "String",
                "printedName": "Swift.String",
                "usr": "s:SS"
              }
            ],
            "declKind": "Var",
            "usr": "s:14LegendDropdown0aB5ModelV3tagSSvp",
            "mangledName": "$s14LegendDropdown0aB5ModelV3tagSSvp",
            "moduleName": "LegendDropdown",
            "declAttributes": [
              "HasStorage",
              "AccessControl"
            ],
            "hasStorage": true,
            "accessors": [
              {
                "kind": "Accessor",
                "name": "Get",
                "printedName": "Get()",
                "children": [
                  {
                    "kind": "TypeNominal",
                    "name": "String",
                    "printedName": "Swift.String",
                    "usr": "s:SS"
                  }
                ],
                "declKind": "Accessor",
                "usr": "s:14LegendDropdown0aB5ModelV3tagSSvg",
                "mangledName": "$s14LegendDropdown0aB5ModelV3tagSSvg",
                "moduleName": "LegendDropdown",
                "implicit": true,
                "accessorKind": "get"
              },
              {
                "kind": "Accessor",
                "name": "Set",
                "printedName": "Set()",
                "children": [
                  {
                    "kind": "TypeNominal",
                    "name": "Void",
                    "printedName": "()"
                  },
                  {
                    "kind": "TypeNominal",
                    "name": "String",
                    "printedName": "Swift.String",
                    "usr": "s:SS"
                  }
                ],
                "declKind": "Accessor",
                "usr": "s:14LegendDropdown0aB5ModelV3tagSSvs",
                "mangledName": "$s14LegendDropdown0aB5ModelV3tagSSvs",
                "moduleName": "LegendDropdown",
                "implicit": true,
                "accessorKind": "set"
              },
              {
                "kind": "Accessor",
                "name": "Modify",
                "printedName": "Modify()",
                "children": [
                  {
                    "kind": "TypeNominal",
                    "name": "Void",
                    "printedName": "()"
                  }
                ],
                "declKind": "Accessor",
                "usr": "s:14LegendDropdown0aB5ModelV3tagSSvM",
                "mangledName": "$s14LegendDropdown0aB5ModelV3tagSSvM",
                "moduleName": "LegendDropdown",
                "implicit": true,
                "accessorKind": "_modify"
              }
            ]
          },
          {
            "kind": "Constructor",
            "name": "init",
            "printedName": "init(key:value:tag:)",
            "children": [
              {
                "kind": "TypeNominal",
                "name": "LegendDropdownModel",
                "printedName": "LegendDropdown.LegendDropdownModel",
                "usr": "s:14LegendDropdown0aB5ModelV"
              },
              {
                "kind": "TypeNominal",
                "name": "String",
                "printedName": "Swift.String",
                "usr": "s:SS"
              },
              {
                "kind": "TypeNominal",
                "name": "String",
                "printedName": "Swift.String",
                "usr": "s:SS"
              },
              {
                "kind": "TypeNominal",
                "name": "String",
                "printedName": "Swift.String",
                "hasDefaultArg": true,
                "usr": "s:SS"
              }
            ],
            "declKind": "Constructor",
            "usr": "s:14LegendDropdown0aB5ModelV3key5value3tagACSS_S2Stcfc",
            "mangledName": "$s14LegendDropdown0aB5ModelV3key5value3tagACSS_S2Stcfc",
            "moduleName": "LegendDropdown",
            "declAttributes": [
              "AccessControl"
            ],
            "init_kind": "Designated"
          }
        ],
        "declKind": "Struct",
        "usr": "s:14LegendDropdown0aB5ModelV",
        "mangledName": "$s14LegendDropdown0aB5ModelV",
        "moduleName": "LegendDropdown",
        "declAttributes": [
          "AccessControl"
        ]
      },
      {
        "kind": "Import",
        "name": "UIKit",
        "printedName": "UIKit",
        "declKind": "Import",
        "moduleName": "LegendDropdown",
        "declAttributes": [
          "RawDocComment"
        ]
      },
      {
        "kind": "Import",
        "name": "UIKit",
        "printedName": "UIKit",
        "declKind": "Import",
        "moduleName": "LegendDropdown",
        "declAttributes": [
          "RawDocComment"
        ]
      },
      {
        "kind": "Import",
        "name": "UIKit",
        "printedName": "UIKit",
        "declKind": "Import",
        "moduleName": "LegendDropdown",
        "declAttributes": [
          "RawDocComment"
        ]
      },
      {
        "kind": "Import",
        "name": "UIKit",
        "printedName": "UIKit",
        "declKind": "Import",
        "moduleName": "LegendDropdown",
        "declAttributes": [
          "RawDocComment"
        ]
      },
      {
        "kind": "Import",
        "name": "SwiftUI",
        "printedName": "SwiftUI",
        "declKind": "Import",
        "moduleName": "LegendDropdown",
        "declAttributes": [
          "RawDocComment"
        ]
      },
      {
        "kind": "TypeDecl",
        "name": "LegendDropdownField",
        "printedName": "LegendDropdownField",
        "children": [
          {
            "kind": "Var",
            "name": "title",
            "printedName": "title",
            "children": [
              {
                "kind": "TypeNominal",
                "name": "String",
                "printedName": "Swift.String",
                "usr": "s:SS"
              }
            ],
            "declKind": "Var",
            "usr": "s:14LegendDropdown0aB5FieldV5titleSSvp",
            "mangledName": "$s14LegendDropdown0aB5FieldV5titleSSvp",
            "moduleName": "LegendDropdown",
            "declAttributes": [
              "HasStorage",
              "AccessControl"
            ],
            "hasStorage": true,
            "accessors": [
              {
                "kind": "Accessor",
                "name": "Get",
                "printedName": "Get()",
                "children": [
                  {
                    "kind": "TypeNominal",
                    "name": "String",
                    "printedName": "Swift.String",
                    "usr": "s:SS"
                  }
                ],
                "declKind": "Accessor",
                "usr": "s:14LegendDropdown0aB5FieldV5titleSSvg",
                "mangledName": "$s14LegendDropdown0aB5FieldV5titleSSvg",
                "moduleName": "LegendDropdown",
                "implicit": true,
                "accessorKind": "get"
              },
              {
                "kind": "Accessor",
                "name": "Set",
                "printedName": "Set()",
                "children": [
                  {
                    "kind": "TypeNominal",
                    "name": "Void",
                    "printedName": "()"
                  },
                  {
                    "kind": "TypeNominal",
                    "name": "String",
                    "printedName": "Swift.String",
                    "usr": "s:SS"
                  }
                ],
                "declKind": "Accessor",
                "usr": "s:14LegendDropdown0aB5FieldV5titleSSvs",
                "mangledName": "$s14LegendDropdown0aB5FieldV5titleSSvs",
                "moduleName": "LegendDropdown",
                "implicit": true,
                "accessorKind": "set"
              },
              {
                "kind": "Accessor",
                "name": "Modify",
                "printedName": "Modify()",
                "children": [
                  {
                    "kind": "TypeNominal",
                    "name": "Void",
                    "printedName": "()"
                  }
                ],
                "declKind": "Accessor",
                "usr": "s:14LegendDropdown0aB5FieldV5titleSSvM",
                "mangledName": "$s14LegendDropdown0aB5FieldV5titleSSvM",
                "moduleName": "LegendDropdown",
                "implicit": true,
                "accessorKind": "_modify"
              }
            ]
          },
          {
            "kind": "Var",
            "name": "size",
            "printedName": "size",
            "children": [
              {
                "kind": "TypeNominal",
                "name": "CGSize",
                "printedName": "CoreFoundation.CGSize",
                "usr": "c:@S@CGSize"
              }
            ],
            "declKind": "Var",
            "usr": "s:14LegendDropdown0aB5FieldV4sizeSo6CGSizeVvp",
            "mangledName": "$s14LegendDropdown0aB5FieldV4sizeSo6CGSizeVvp",
            "moduleName": "LegendDropdown",
            "declAttributes": [
              "HasStorage",
              "AccessControl"
            ],
            "hasStorage": true,
            "accessors": [
              {
                "kind": "Accessor",
                "name": "Get",
                "printedName": "Get()",
                "children": [
                  {
                    "kind": "TypeNominal",
                    "name": "CGSize",
                    "printedName": "CoreFoundation.CGSize",
                    "usr": "c:@S@CGSize"
                  }
                ],
                "declKind": "Accessor",
                "usr": "s:14LegendDropdown0aB5FieldV4sizeSo6CGSizeVvg",
                "mangledName": "$s14LegendDropdown0aB5FieldV4sizeSo6CGSizeVvg",
                "moduleName": "LegendDropdown",
                "implicit": true,
                "accessorKind": "get"
              },
              {
                "kind": "Accessor",
                "name": "Set",
                "printedName": "Set()",
                "children": [
                  {
                    "kind": "TypeNominal",
                    "name": "Void",
                    "printedName": "()"
                  },
                  {
                    "kind": "TypeNominal",
                    "name": "CGSize",
                    "printedName": "CoreFoundation.CGSize",
                    "usr": "c:@S@CGSize"
                  }
                ],
                "declKind": "Accessor",
                "usr": "s:14LegendDropdown0aB5FieldV4sizeSo6CGSizeVvs",
                "mangledName": "$s14LegendDropdown0aB5FieldV4sizeSo6CGSizeVvs",
                "moduleName": "LegendDropdown",
                "implicit": true,
                "accessorKind": "set"
              },
              {
                "kind": "Accessor",
                "name": "Modify",
                "printedName": "Modify()",
                "children": [
                  {
                    "kind": "TypeNominal",
                    "name": "Void",
                    "printedName": "()"
                  }
                ],
                "declKind": "Accessor",
                "usr": "s:14LegendDropdown0aB5FieldV4sizeSo6CGSizeVvM",
                "mangledName": "$s14LegendDropdown0aB5FieldV4sizeSo6CGSizeVvM",
                "moduleName": "LegendDropdown",
                "implicit": true,
                "accessorKind": "_modify"
              }
            ]
          },
          {
            "kind": "Var",
            "name": "dropdownData",
            "printedName": "dropdownData",
            "children": [
              {
                "kind": "TypeNominal",
                "name": "Array",
                "printedName": "[LegendDropdown.LegendDropdownModel]",
                "children": [
                  {
                    "kind": "TypeNominal",
                    "name": "LegendDropdownModel",
                    "printedName": "LegendDropdown.LegendDropdownModel",
                    "usr": "s:14LegendDropdown0aB5ModelV"
                  }
                ],
                "usr": "s:Sa"
              }
            ],
            "declKind": "Var",
            "usr": "s:14LegendDropdown0aB5FieldV12dropdownDataSayAA0aB5ModelVGvp",
            "mangledName": "$s14LegendDropdown0aB5FieldV12dropdownDataSayAA0aB5ModelVGvp",
            "moduleName": "LegendDropdown",
            "declAttributes": [
              "HasStorage",
              "AccessControl"
            ],
            "hasStorage": true,
            "accessors": [
              {
                "kind": "Accessor",
                "name": "Get",
                "printedName": "Get()",
                "children": [
                  {
                    "kind": "TypeNominal",
                    "name": "Array",
                    "printedName": "[LegendDropdown.LegendDropdownModel]",
                    "children": [
                      {
                        "kind": "TypeNominal",
                        "name": "LegendDropdownModel",
                        "printedName": "LegendDropdown.LegendDropdownModel",
                        "usr": "s:14LegendDropdown0aB5ModelV"
                      }
                    ],
                    "usr": "s:Sa"
                  }
                ],
                "declKind": "Accessor",
                "usr": "s:14LegendDropdown0aB5FieldV12dropdownDataSayAA0aB5ModelVGvg",
                "mangledName": "$s14LegendDropdown0aB5FieldV12dropdownDataSayAA0aB5ModelVGvg",
                "moduleName": "LegendDropdown",
                "implicit": true,
                "accessorKind": "get"
              },
              {
                "kind": "Accessor",
                "name": "Set",
                "printedName": "Set()",
                "children": [
                  {
                    "kind": "TypeNominal",
                    "name": "Void",
                    "printedName": "()"
                  },
                  {
                    "kind": "TypeNominal",
                    "name": "Array",
                    "printedName": "[LegendDropdown.LegendDropdownModel]",
                    "children": [
                      {
                        "kind": "TypeNominal",
                        "name": "LegendDropdownModel",
                        "printedName": "LegendDropdown.LegendDropdownModel",
                        "usr": "s:14LegendDropdown0aB5ModelV"
                      }
                    ],
                    "usr": "s:Sa"
                  }
                ],
                "declKind": "Accessor",
                "usr": "s:14LegendDropdown0aB5FieldV12dropdownDataSayAA0aB5ModelVGvs",
                "mangledName": "$s14LegendDropdown0aB5FieldV12dropdownDataSayAA0aB5ModelVGvs",
                "moduleName": "LegendDropdown",
                "implicit": true,
                "accessorKind": "set"
              },
              {
                "kind": "Accessor",
                "name": "Modify",
                "printedName": "Modify()",
                "children": [
                  {
                    "kind": "TypeNominal",
                    "name": "Void",
                    "printedName": "()"
                  }
                ],
                "declKind": "Accessor",
                "usr": "s:14LegendDropdown0aB5FieldV12dropdownDataSayAA0aB5ModelVGvM",
                "mangledName": "$s14LegendDropdown0aB5FieldV12dropdownDataSayAA0aB5ModelVGvM",
                "moduleName": "LegendDropdown",
                "implicit": true,
                "accessorKind": "_modify"
              }
            ]
          },
          {
            "kind": "Var",
            "name": "selectedDropdownData",
            "printedName": "selectedDropdownData",
            "children": [
              {
                "kind": "TypeNominal",
                "name": "LegendDropdownModel",
                "printedName": "LegendDropdown.LegendDropdownModel",
                "usr": "s:14LegendDropdown0aB5ModelV"
              }
            ],
            "declKind": "Var",
            "usr": "s:14LegendDropdown0aB5FieldV08selectedB4DataAA0aB5ModelVvp",
            "mangledName": "$s14LegendDropdown0aB5FieldV08selectedB4DataAA0aB5ModelVvp",
            "moduleName": "LegendDropdown",
            "declAttributes": [
              "ProjectedValueProperty",
              "AccessControl",
              "Custom"
            ],
            "accessors": [
              {
                "kind": "Accessor",
                "name": "Get",
                "printedName": "Get()",
                "children": [
                  {
                    "kind": "TypeNominal",
                    "name": "LegendDropdownModel",
                    "printedName": "LegendDropdown.LegendDropdownModel",
                    "usr": "s:14LegendDropdown0aB5ModelV"
                  }
                ],
                "declKind": "Accessor",
                "usr": "s:14LegendDropdown0aB5FieldV08selectedB4DataAA0aB5ModelVvg",
                "mangledName": "$s14LegendDropdown0aB5FieldV08selectedB4DataAA0aB5ModelVvg",
                "moduleName": "LegendDropdown",
                "implicit": true,
                "accessorKind": "get"
              },
              {
                "kind": "Accessor",
                "name": "Set",
                "printedName": "Set()",
                "children": [
                  {
                    "kind": "TypeNominal",
                    "name": "Void",
                    "printedName": "()"
                  },
                  {
                    "kind": "TypeNominal",
                    "name": "LegendDropdownModel",
                    "printedName": "LegendDropdown.LegendDropdownModel",
                    "usr": "s:14LegendDropdown0aB5ModelV"
                  }
                ],
                "declKind": "Accessor",
                "usr": "s:14LegendDropdown0aB5FieldV08selectedB4DataAA0aB5ModelVvs",
                "mangledName": "$s14LegendDropdown0aB5FieldV08selectedB4DataAA0aB5ModelVvs",
                "moduleName": "LegendDropdown",
                "implicit": true,
                "accessorKind": "set"
              },
              {
                "kind": "Accessor",
                "name": "Modify",
                "printedName": "Modify()",
                "children": [
                  {
                    "kind": "TypeNominal",
                    "name": "Void",
                    "printedName": "()"
                  }
                ],
                "declKind": "Accessor",
                "usr": "s:14LegendDropdown0aB5FieldV08selectedB4DataAA0aB5ModelVvM",
                "mangledName": "$s14LegendDropdown0aB5FieldV08selectedB4DataAA0aB5ModelVvM",
                "moduleName": "LegendDropdown",
                "implicit": true,
                "accessorKind": "_modify"
              }
            ]
          },
          {
            "kind": "Var",
            "name": "$selectedDropdownData",
            "printedName": "$selectedDropdownData",
            "children": [
              {
                "kind": "TypeNominal",
                "name": "Binding",
                "printedName": "SwiftUI.Binding<LegendDropdown.LegendDropdownModel>",
                "children": [
                  {
                    "kind": "TypeNominal",
                    "name": "LegendDropdownModel",
                    "printedName": "LegendDropdown.LegendDropdownModel",
                    "usr": "s:14LegendDropdown0aB5ModelV"
                  }
                ],
                "usr": "s:7SwiftUI7BindingV"
              }
            ],
            "declKind": "Var",
            "usr": "s:14LegendDropdown0aB5FieldV09$selectedB4Data7SwiftUI7BindingVyAA0aB5ModelVGvp",
            "mangledName": "$s14LegendDropdown0aB5FieldV09$selectedB4Data7SwiftUI7BindingVyAA0aB5ModelVGvp",
            "moduleName": "LegendDropdown",
            "implicit": true,
            "accessors": [
              {
                "kind": "Accessor",
                "name": "Get",
                "printedName": "Get()",
                "children": [
                  {
                    "kind": "TypeNominal",
                    "name": "Binding",
                    "printedName": "SwiftUI.Binding<LegendDropdown.LegendDropdownModel>",
                    "children": [
                      {
                        "kind": "TypeNominal",
                        "name": "LegendDropdownModel",
                        "printedName": "LegendDropdown.LegendDropdownModel",
                        "usr": "s:14LegendDropdown0aB5ModelV"
                      }
                    ],
                    "usr": "s:7SwiftUI7BindingV"
                  }
                ],
                "declKind": "Accessor",
                "usr": "s:14LegendDropdown0aB5FieldV09$selectedB4Data7SwiftUI7BindingVyAA0aB5ModelVGvg",
                "mangledName": "$s14LegendDropdown0aB5FieldV09$selectedB4Data7SwiftUI7BindingVyAA0aB5ModelVGvg",
                "moduleName": "LegendDropdown",
                "implicit": true,
                "accessorKind": "get"
              }
            ]
          },
          {
            "kind": "Var",
            "name": "backgroundColor",
            "printedName": "backgroundColor",
            "children": [
              {
                "kind": "TypeNominal",
                "name": "UIColor",
                "printedName": "UIKit.UIColor",
                "usr": "c:objc(cs)UIColor"
              }
            ],
            "declKind": "Var",
            "usr": "s:14LegendDropdown0aB5FieldV15backgroundColorSo7UIColorCvp",
            "mangledName": "$s14LegendDropdown0aB5FieldV15backgroundColorSo7UIColorCvp",
            "moduleName": "LegendDropdown",
            "declAttributes": [
              "HasStorage",
              "AccessControl"
            ],
            "hasStorage": true,
            "accessors": [
              {
                "kind": "Accessor",
                "name": "Get",
                "printedName": "Get()",
                "children": [
                  {
                    "kind": "TypeNominal",
                    "name": "UIColor",
                    "printedName": "UIKit.UIColor",
                    "usr": "c:objc(cs)UIColor"
                  }
                ],
                "declKind": "Accessor",
                "usr": "s:14LegendDropdown0aB5FieldV15backgroundColorSo7UIColorCvg",
                "mangledName": "$s14LegendDropdown0aB5FieldV15backgroundColorSo7UIColorCvg",
                "moduleName": "LegendDropdown",
                "implicit": true,
                "accessorKind": "get"
              },
              {
                "kind": "Accessor",
                "name": "Set",
                "printedName": "Set()",
                "children": [
                  {
                    "kind": "TypeNominal",
                    "name": "Void",
                    "printedName": "()"
                  },
                  {
                    "kind": "TypeNominal",
                    "name": "UIColor",
                    "printedName": "UIKit.UIColor",
                    "usr": "c:objc(cs)UIColor"
                  }
                ],
                "declKind": "Accessor",
                "usr": "s:14LegendDropdown0aB5FieldV15backgroundColorSo7UIColorCvs",
                "mangledName": "$s14LegendDropdown0aB5FieldV15backgroundColorSo7UIColorCvs",
                "moduleName": "LegendDropdown",
                "implicit": true,
                "accessorKind": "set"
              },
              {
                "kind": "Accessor",
                "name": "Modify",
                "printedName": "Modify()",
                "children": [
                  {
                    "kind": "TypeNominal",
                    "name": "Void",
                    "printedName": "()"
                  }
                ],
                "declKind": "Accessor",
                "usr": "s:14LegendDropdown0aB5FieldV15backgroundColorSo7UIColorCvM",
                "mangledName": "$s14LegendDropdown0aB5FieldV15backgroundColorSo7UIColorCvM",
                "moduleName": "LegendDropdown",
                "implicit": true,
                "accessorKind": "_modify"
              }
            ]
          },
          {
            "kind": "Var",
            "name": "alertText",
            "printedName": "alertText",
            "children": [
              {
                "kind": "TypeNominal",
                "name": "String",
                "printedName": "Swift.String",
                "usr": "s:SS"
              }
            ],
            "declKind": "Var",
            "usr": "s:14LegendDropdown0aB5FieldV9alertTextSSvp",
            "mangledName": "$s14LegendDropdown0aB5FieldV9alertTextSSvp",
            "moduleName": "LegendDropdown",
            "declAttributes": [
              "ProjectedValueProperty",
              "AccessControl",
              "Custom"
            ],
            "accessors": [
              {
                "kind": "Accessor",
                "name": "Get",
                "printedName": "Get()",
                "children": [
                  {
                    "kind": "TypeNominal",
                    "name": "String",
                    "printedName": "Swift.String",
                    "usr": "s:SS"
                  }
                ],
                "declKind": "Accessor",
                "usr": "s:14LegendDropdown0aB5FieldV9alertTextSSvg",
                "mangledName": "$s14LegendDropdown0aB5FieldV9alertTextSSvg",
                "moduleName": "LegendDropdown",
                "implicit": true,
                "accessorKind": "get"
              },
              {
                "kind": "Accessor",
                "name": "Set",
                "printedName": "Set()",
                "children": [
                  {
                    "kind": "TypeNominal",
                    "name": "Void",
                    "printedName": "()"
                  },
                  {
                    "kind": "TypeNominal",
                    "name": "String",
                    "printedName": "Swift.String",
                    "usr": "s:SS"
                  }
                ],
                "declKind": "Accessor",
                "usr": "s:14LegendDropdown0aB5FieldV9alertTextSSvs",
                "mangledName": "$s14LegendDropdown0aB5FieldV9alertTextSSvs",
                "moduleName": "LegendDropdown",
                "implicit": true,
                "accessorKind": "set"
              },
              {
                "kind": "Accessor",
                "name": "Modify",
                "printedName": "Modify()",
                "children": [
                  {
                    "kind": "TypeNominal",
                    "name": "Void",
                    "printedName": "()"
                  }
                ],
                "declKind": "Accessor",
                "usr": "s:14LegendDropdown0aB5FieldV9alertTextSSvM",
                "mangledName": "$s14LegendDropdown0aB5FieldV9alertTextSSvM",
                "moduleName": "LegendDropdown",
                "implicit": true,
                "accessorKind": "_modify"
              }
            ]
          },
          {
            "kind": "Var",
            "name": "$alertText",
            "printedName": "$alertText",
            "children": [
              {
                "kind": "TypeNominal",
                "name": "Binding",
                "printedName": "SwiftUI.Binding<Swift.String>",
                "children": [
                  {
                    "kind": "TypeNominal",
                    "name": "String",
                    "printedName": "Swift.String",
                    "usr": "s:SS"
                  }
                ],
                "usr": "s:7SwiftUI7BindingV"
              }
            ],
            "declKind": "Var",
            "usr": "s:14LegendDropdown0aB5FieldV10$alertText7SwiftUI7BindingVySSGvp",
            "mangledName": "$s14LegendDropdown0aB5FieldV10$alertText7SwiftUI7BindingVySSGvp",
            "moduleName": "LegendDropdown",
            "implicit": true,
            "accessors": [
              {
                "kind": "Accessor",
                "name": "Get",
                "printedName": "Get()",
                "children": [
                  {
                    "kind": "TypeNominal",
                    "name": "Binding",
                    "printedName": "SwiftUI.Binding<Swift.String>",
                    "children": [
                      {
                        "kind": "TypeNominal",
                        "name": "String",
                        "printedName": "Swift.String",
                        "usr": "s:SS"
                      }
                    ],
                    "usr": "s:7SwiftUI7BindingV"
                  }
                ],
                "declKind": "Accessor",
                "usr": "s:14LegendDropdown0aB5FieldV10$alertText7SwiftUI7BindingVySSGvg",
                "mangledName": "$s14LegendDropdown0aB5FieldV10$alertText7SwiftUI7BindingVySSGvg",
                "moduleName": "LegendDropdown",
                "implicit": true,
                "accessorKind": "get"
              }
            ]
          },
          {
            "kind": "Var",
            "name": "callbackWhenEmpty",
            "printedName": "callbackWhenEmpty",
            "children": [
              {
                "kind": "TypeNominal",
                "name": "Optional",
                "printedName": "(() -> ())?",
                "children": [
                  {
                    "kind": "TypeFunc",
                    "name": "Function",
                    "printedName": "() -> ()",
                    "children": [
                      {
                        "kind": "TypeNominal",
                        "name": "Void",
                        "printedName": "()"
                      },
                      {
                        "kind": "TypeNominal",
                        "name": "Void",
                        "printedName": "()"
                      }
                    ]
                  }
                ],
                "usr": "s:Sq"
              }
            ],
            "declKind": "Var",
            "usr": "s:14LegendDropdown0aB5FieldV17callbackWhenEmptyyycSgvp",
            "mangledName": "$s14LegendDropdown0aB5FieldV17callbackWhenEmptyyycSgvp",
            "moduleName": "LegendDropdown",
            "declAttributes": [
              "HasInitialValue",
              "HasStorage",
              "AccessControl"
            ],
            "hasStorage": true,
            "accessors": [
              {
                "kind": "Accessor",
                "name": "Get",
                "printedName": "Get()",
                "children": [
                  {
                    "kind": "TypeNominal",
                    "name": "Optional",
                    "printedName": "(() -> ())?",
                    "children": [
                      {
                        "kind": "TypeFunc",
                        "name": "Function",
                        "printedName": "() -> ()",
                        "children": [
                          {
                            "kind": "TypeNominal",
                            "name": "Void",
                            "printedName": "()"
                          },
                          {
                            "kind": "TypeNominal",
                            "name": "Void",
                            "printedName": "()"
                          }
                        ]
                      }
                    ],
                    "usr": "s:Sq"
                  }
                ],
                "declKind": "Accessor",
                "usr": "s:14LegendDropdown0aB5FieldV17callbackWhenEmptyyycSgvg",
                "mangledName": "$s14LegendDropdown0aB5FieldV17callbackWhenEmptyyycSgvg",
                "moduleName": "LegendDropdown",
                "implicit": true,
                "accessorKind": "get"
              },
              {
                "kind": "Accessor",
                "name": "Set",
                "printedName": "Set()",
                "children": [
                  {
                    "kind": "TypeNominal",
                    "name": "Void",
                    "printedName": "()"
                  },
                  {
                    "kind": "TypeNominal",
                    "name": "Optional",
                    "printedName": "(() -> ())?",
                    "children": [
                      {
                        "kind": "TypeFunc",
                        "name": "Function",
                        "printedName": "() -> ()",
                        "children": [
                          {
                            "kind": "TypeNominal",
                            "name": "Void",
                            "printedName": "()"
                          },
                          {
                            "kind": "TypeNominal",
                            "name": "Void",
                            "printedName": "()"
                          }
                        ]
                      }
                    ],
                    "usr": "s:Sq"
                  }
                ],
                "declKind": "Accessor",
                "usr": "s:14LegendDropdown0aB5FieldV17callbackWhenEmptyyycSgvs",
                "mangledName": "$s14LegendDropdown0aB5FieldV17callbackWhenEmptyyycSgvs",
                "moduleName": "LegendDropdown",
                "implicit": true,
                "accessorKind": "set"
              },
              {
                "kind": "Accessor",
                "name": "Modify",
                "printedName": "Modify()",
                "children": [
                  {
                    "kind": "TypeNominal",
                    "name": "Void",
                    "printedName": "()"
                  }
                ],
                "declKind": "Accessor",
                "usr": "s:14LegendDropdown0aB5FieldV17callbackWhenEmptyyycSgvM",
                "mangledName": "$s14LegendDropdown0aB5FieldV17callbackWhenEmptyyycSgvM",
                "moduleName": "LegendDropdown",
                "implicit": true,
                "accessorKind": "_modify"
              }
            ]
          },
          {
            "kind": "Constructor",
            "name": "init",
            "printedName": "init(title:size:dropdownData:selectedDropdownData:backgroundColor:alertText:callbackWhenEmpty:)",
            "children": [
              {
                "kind": "TypeNominal",
                "name": "LegendDropdownField",
                "printedName": "LegendDropdown.LegendDropdownField",
                "usr": "s:14LegendDropdown0aB5FieldV"
              },
              {
                "kind": "TypeNominal",
                "name": "String",
                "printedName": "Swift.String",
                "usr": "s:SS"
              },
              {
                "kind": "TypeNominal",
                "name": "CGSize",
                "printedName": "CoreFoundation.CGSize",
                "usr": "c:@S@CGSize"
              },
              {
                "kind": "TypeNominal",
                "name": "Array",
                "printedName": "[LegendDropdown.LegendDropdownModel]",
                "children": [
                  {
                    "kind": "TypeNominal",
                    "name": "LegendDropdownModel",
                    "printedName": "LegendDropdown.LegendDropdownModel",
                    "usr": "s:14LegendDropdown0aB5ModelV"
                  }
                ],
                "usr": "s:Sa"
              },
              {
                "kind": "TypeNominal",
                "name": "Binding",
                "printedName": "SwiftUI.Binding<LegendDropdown.LegendDropdownModel>",
                "children": [
                  {
                    "kind": "TypeNominal",
                    "name": "LegendDropdownModel",
                    "printedName": "LegendDropdown.LegendDropdownModel",
                    "usr": "s:14LegendDropdown0aB5ModelV"
                  }
                ],
                "usr": "s:7SwiftUI7BindingV"
              },
              {
                "kind": "TypeNominal",
                "name": "UIColor",
                "printedName": "UIKit.UIColor",
                "hasDefaultArg": true,
                "usr": "c:objc(cs)UIColor"
              },
              {
                "kind": "TypeNominal",
                "name": "Binding",
                "printedName": "SwiftUI.Binding<Swift.String>",
                "children": [
                  {
                    "kind": "TypeNominal",
                    "name": "String",
                    "printedName": "Swift.String",
                    "usr": "s:SS"
                  }
                ],
                "hasDefaultArg": true,
                "usr": "s:7SwiftUI7BindingV"
              },
              {
                "kind": "TypeNominal",
                "name": "Optional",
                "printedName": "(() -> ())?",
                "children": [
                  {
                    "kind": "TypeFunc",
                    "name": "Function",
                    "printedName": "() -> ()",
                    "children": [
                      {
                        "kind": "TypeNominal",
                        "name": "Void",
                        "printedName": "()"
                      },
                      {
                        "kind": "TypeNominal",
                        "name": "Void",
                        "printedName": "()"
                      }
                    ]
                  }
                ],
                "hasDefaultArg": true,
                "usr": "s:Sq"
              }
            ],
            "declKind": "Constructor",
            "usr": "s:14LegendDropdown0aB5FieldV5title4size12dropdownData08selectedbG015backgroundColor9alertText17callbackWhenEmptyACSS_So6CGSizeVSayAA0aB5ModelVG7SwiftUI7BindingVyANGSo7UIColorCARySSGyycSgtcfc",
            "mangledName": "$s14LegendDropdown0aB5FieldV5title4size12dropdownData08selectedbG015backgroundColor9alertText17callbackWhenEmptyACSS_So6CGSizeVSayAA0aB5ModelVG7SwiftUI7BindingVyANGSo7UIColorCARySSGyycSgtcfc",
            "moduleName": "LegendDropdown",
            "declAttributes": [
              "AccessControl"
            ],
            "init_kind": "Designated"
          },
          {
            "kind": "Var",
            "name": "body",
            "printedName": "body",
            "children": [
              {
                "kind": "TypeNominal",
                "name": "OpaqueTypeArchetype",
                "printedName": "some SwiftUI.View",
                "children": [
                  {
                    "kind": "TypeNominal",
                    "name": "View",
                    "printedName": "SwiftUI.View",
                    "usr": "s:7SwiftUI4ViewP"
                  }
                ]
              }
            ],
            "declKind": "Var",
            "usr": "s:14LegendDropdown0aB5FieldV4bodyQrvp",
            "mangledName": "$s14LegendDropdown0aB5FieldV4bodyQrvp",
            "moduleName": "LegendDropdown",
            "declAttributes": [
              "Custom",
              "AccessControl"
            ],
            "accessors": [
              {
                "kind": "Accessor",
                "name": "Get",
                "printedName": "Get()",
                "children": [
                  {
                    "kind": "TypeNominal",
                    "name": "OpaqueTypeArchetype",
                    "printedName": "some SwiftUI.View",
                    "children": [
                      {
                        "kind": "TypeNominal",
                        "name": "View",
                        "printedName": "SwiftUI.View",
                        "usr": "s:7SwiftUI4ViewP"
                      }
                    ]
                  }
                ],
                "declKind": "Accessor",
                "usr": "s:14LegendDropdown0aB5FieldV4bodyQrvg",
                "mangledName": "$s14LegendDropdown0aB5FieldV4bodyQrvg",
                "moduleName": "LegendDropdown",
                "accessorKind": "get"
              }
            ]
          }
        ],
        "declKind": "Struct",
        "usr": "s:14LegendDropdown0aB5FieldV",
        "mangledName": "$s14LegendDropdown0aB5FieldV",
        "moduleName": "LegendDropdown",
        "declAttributes": [
          "AccessControl"
        ],
        "conformances": [
          {
            "kind": "Conformance",
            "name": "View",
            "printedName": "View",
            "children": [
              {
                "kind": "TypeWitness",
                "name": "Body",
                "printedName": "Body",
                "children": [
                  {
                    "kind": "TypeNominal",
                    "name": "OpaqueTypeArchetype",
                    "printedName": "some SwiftUI.View",
                    "children": [
                      {
                        "kind": "TypeNominal",
                        "name": "View",
                        "printedName": "SwiftUI.View",
                        "usr": "s:7SwiftUI4ViewP"
                      }
                    ]
                  }
                ]
              }
            ],
            "usr": "s:7SwiftUI4ViewP",
            "mangledName": "$s7SwiftUI4ViewP"
          }
        ]
      }
    ],
    "json_format_version": 8
  },
  "ConstValues": [
    {
      "filePath": "\/Users\/vnpttgg\/Documents\/Library\/LegendDropdown\/LegendDropdown\/LegendDropdownField\/Models\/LegendDropdownModel.swift",
      "kind": "StringLiteral",
      "offset": 312,
      "length": 2,
      "value": "\"\""
    },
    {
      "filePath": "\/Users\/vnpttgg\/Documents\/Library\/LegendDropdown\/LegendDropdown\/Customs\/BundleManager.swift",
      "kind": "StringLiteral",
      "offset": 380,
      "length": 24,
      "value": "\"com.PNL.LegendDropdown\""
    },
    {
      "filePath": "\/Users\/vnpttgg\/Documents\/Library\/LegendDropdown\/LegendDropdown\/LegendDropdownUIView\/LegendDropdownUIView.swift",
      "kind": "StringLiteral",
      "offset": 427,
      "length": 2,
      "value": "\"\""
    },
    {
      "filePath": "\/Users\/vnpttgg\/Documents\/Library\/LegendDropdown\/LegendDropdown\/LegendDropdownUIView\/LegendDropdownUIView.swift",
      "kind": "IntegerLiteral",
      "offset": 640,
      "length": 2,
      "value": "80"
    },
    {
      "filePath": "\/Users\/vnpttgg\/Documents\/Library\/LegendDropdown\/LegendDropdown\/LegendDropdownUIView\/LegendDropdownUIView.swift",
      "kind": "BooleanLiteral",
      "offset": 749,
      "length": 5,
      "value": "false"
    },
    {
      "filePath": "\/Users\/vnpttgg\/Documents\/Library\/LegendDropdown\/LegendDropdown\/LegendDropdownUIView\/LegendDropdownUIView.swift",
      "kind": "BooleanLiteral",
      "offset": 790,
      "length": 5,
      "value": "false"
    },
    {
      "filePath": "\/Users\/vnpttgg\/Documents\/Library\/LegendDropdown\/LegendDropdown\/LegendDropdownUIView\/LegendDropdownUIView.swift",
      "kind": "BooleanLiteral",
      "offset": 828,
      "length": 5,
      "value": "false"
    },
    {
      "filePath": "\/Users\/vnpttgg\/Documents\/Library\/LegendDropdown\/LegendDropdown\/LegendDropdownUIView\/LegendDropdownUIView.swift",
      "kind": "Array",
      "offset": 888,
      "length": 2,
      "value": "[]"
    },
    {
      "filePath": "\/Users\/vnpttgg\/Documents\/Library\/LegendDropdown\/LegendDropdown\/LegendDropdownUIView\/LegendDropdownUIView.swift",
      "kind": "Array",
      "offset": 949,
      "length": 2,
      "value": "[]"
    },
    {
      "filePath": "\/Users\/vnpttgg\/Documents\/Library\/LegendDropdown\/LegendDropdown\/LegendDropdownUIView\/LegendDropdownUIView.swift",
      "kind": "StringLiteral",
      "offset": 1042,
      "length": 2,
      "value": "\"\""
    },
    {
      "filePath": "\/Users\/vnpttgg\/Documents\/Library\/LegendDropdown\/LegendDropdown\/LegendDropdownField\/Views\/LegendDropdown.swift",
      "kind": "StringLiteral",
      "offset": 678,
      "length": 2,
      "value": "\"\""
    }
  ]
}